{
  "training_summary": {
    "total_models": 5,
    "successful_models": 5,
    "failed_models": 0,
    "best_model": "GradientBoosting",
    "best_accuracy": 0.8977907259043457
  },
  "performance_standards": {
    "target_records_per_second": 97000,
    "models_meeting_standard": 1
  },
  "model_comparison": {
    "LogisticRegression": {
      "accuracy": 0.7147365865501335,
      "training_time": 1.4482336044311523,
      "records_per_second": 17063.545497348514
    },
    "RandomForest": {
      "accuracy": 0.8459577567370721,
      "training_time": 0.4107539653778076,
      "records_per_second": 60162.535442038
    },
    "GradientBoosting": {
      "accuracy": 0.8977907259043457,
      "training_time": 2.465822219848633,
      "records_per_second": 10021.809277684655
    },
    "NaiveBayes": {
      "accuracy": 0.8953629521728574,
      "training_time": 0.09687376022338867,
      "records_per_second": 255094.87752942278
    },
    "SVM": {
      "accuracy": 0.7879339645545035,
      "training_time": 157.60020899772644,
      "records_per_second": 156.8018225176116
    }
  }
}