{
  "LogisticRegression": {
    "training_time": 1.4482336044311523,
    "validation_metrics": {
      "accuracy": 0.7147365865501335,
      "precision": 0.8730379140935416,
      "recall": 0.7147365865501335,
      "f1": 0.7651817726535882,
      "auc": 0.7790550261804802
    },
    "performance_metrics": {
      "training_samples": 24712,
      "training_time": 1.4482336044311523,
      "records_per_second": 17063.545497348514,
      "meets_performance_standard": false,
      "performance_ratio": 0.17591284017885067
    },
    "status": "success"
  },
  "RandomForest": {
    "training_time": 0.4107539653778076,
    "validation_metrics": {
      "accuracy": 0.8459577567370721,
      "precision": 0.882614568340849,
      "recall": 0.8459577567370721,
      "f1": 0.8603047454874913,
      "auc": 0.7942094114109157
    },
    "performance_metrics": {
      "training_samples": 24712,
      "training_time": 0.4107539653778076,
      "records_per_second": 60162.535442038,
      "meets_performance_standard": false,
      "performance_ratio": 0.6202323241447216
    },
    "status": "success"
  },
  "GradientBoosting": {
    "training_time": 2.465822219848633,
    "validation_metrics": {
      "accuracy": 0.8977907259043457,
      "precision": 0.8778137175409008,
      "recall": 0.8977907259043457,
      "f1": 0.8729147745487518,
      "auc": 0.8014707356479079
    },
    "performance_metrics": {
      "training_samples": 24712,
      "training_time": 2.465822219848633,
      "records_per_second": 10021.809277684655,
      "meets_performance_standard": false,
      "performance_ratio": 0.10331762141942943
    },
    "status": "success"
  },
  "NaiveBayes": {
    "training_time": 0.09687376022338867,
    "validation_metrics": {
      "accuracy": 0.8953629521728574,
      "precision": 0.872828720278961,
      "recall": 0.8953629521728574,
      "f1": 0.8712474762966341,
      "auc": 0.7574593730836361
    },
    "performance_metrics": {
      "training_samples": 24712,
      "training_time": 0.09687376022338867,
      "records_per_second": 255094.87752942278,
      "meets_performance_standard": true,
      "performance_ratio": 2.629844098241472
    },
    "status": "success"
  },
  "SVM": {
    "training_time": 157.60020899772644,
    "validation_metrics": {
      "accuracy": 0.7879339645545035,
      "precision": 0.8695353710509799,
      "recall": 0.7879339645545035,
      "f1": 0.8177555309367186,
      "auc": 0.7563770696730978
    },
    "performance_metrics": {
      "training_samples": 24712,
      "training_time": 157.60020899772644,
      "records_per_second": 156.8018225176116,
      "meets_performance_standard": false,
      "performance_ratio": 0.0016165136342021816
    },
    "status": "success"
  }
}