Column,Special_Value,Count,Percentage
Occupation,unknown,330,0.8012042342429834
Marital Status,unknown,80,0.1942313295134505
Education Level,unknown,1731,4.202680392347285
Credit Default,unknown,8597,20.87258424783918
Housing Loan,unknown,393,0.9541614062348257
Personal Loan,unknown,877,2.1292609497912016
