,Campaign Calls,Previous Contact Days
count,41188.0,41188.0
mean,2.0513741866563078,962.4754540157328
std,3.171344844997165,186.91090734474176
min,-41.0,0.0
25%,1.0,999.0
50%,2.0,999.0
75%,3.0,999.0
max,56.0,999.0
